team, entry, state_component, stat, schedule, label_scheme, N, result
team0, entry0, goal.joint, acc, 2, a, 9689, 0.6190525
team0, entry1, goal.joint, acc, 2, a, 9689, 0.7192693
team0, entry2, goal.joint, acc, 2, a, 9689, 0.7108061
team0, entry3, goal.joint, acc, 2, a, 9689, 0.6662194
team1, entry0, goal.joint, acc, 2, a, 9689, 0.6010940
team1, entry1, goal.joint, acc, 2, a, 9689, 0.5956239
team2, entry0, goal.joint, acc, 2, a, 9689, 0.7750026
team2, entry1, goal.joint, acc, 2, a, 9689, 0.7842915
team2, entry2, goal.joint, acc, 2, a, 9689, 0.6675612
team2, entry3, goal.joint, acc, 2, a, 9689, 0.7713902
team2, entry4, goal.joint, acc, 2, a, 9689, 0.7733512
team3, entry0, goal.joint, acc, 2, a, 9689, 0.7286614
team4, entry0, goal.joint, acc, 2, a, 9689, 0.7681907
team4, entry1, goal.joint, acc, 2, a, 9689, 0.7455878
team4, entry2, goal.joint, acc, 2, a, 9689, 0.7422851
team4, entry3, goal.joint, acc, 2, a, 9689, 0.7367117
team5, entry0, goal.joint, acc, 2, a, 9689, 0.6861389
team5, entry1, goal.joint, acc, 2, a, 9689, 0.6090412
team5, entry2, goal.joint, acc, 2, a, 9689, 0.6368046
team5, entry3, goal.joint, acc, 2, a, 9689, 0.6090412
team5, entry4, goal.joint, acc, 2, a, 9689, 0.6949118
team6, entry0, goal.joint, acc, 2, a, 9689, 0.7131799
team6, entry1, goal.joint, acc, 2, a, 9689, 0.7070905
team6, entry2, goal.joint, acc, 2, a, 9689, 0.7182372
team7, entry0, goal.joint, acc, 2, a, 9689, 0.7503354
team7, entry1, goal.joint, acc, 2, a, 9689, 0.7386727
team7, entry2, goal.joint, acc, 2, a, 9689, 0.7503354
team7, entry3, goal.joint, acc, 2, a, 9689, 0.7251522
team7, entry4, goal.joint, acc, 2, a, 9689, 0.7346475
team8, entry0, goal.joint, acc, 2, a, 9689, 0.6921251
team8, entry1, goal.joint, acc, 2, a, 9689, 0.6986273
team8, entry2, goal.joint, acc, 2, a, 9689, 0.6984209
team8, entry3, goal.joint, acc, 2, a, 9689, 0.6971824
team8, entry4, goal.joint, acc, 2, a, 9689, 0.6968727
team9, entry0, goal.joint, acc, 2, a, 9689, 0.4987099
team0, entry0, goal.joint, l2, 2, a, 9689, 0.7384935
team0, entry1, goal.joint, l2, 2, a, 9689, 0.4639345
team0, entry2, goal.joint, l2, 2, a, 9689, 0.4661034
team0, entry3, goal.joint, l2, 2, a, 9689, 0.4977047
team1, entry0, goal.joint, l2, 2, a, 9689, 0.6492268
team1, entry1, goal.joint, l2, 2, a, 9689, 0.6712687
team2, entry0, goal.joint, l2, 2, a, 9689, 0.7582529
team2, entry1, goal.joint, l2, 2, a, 9689, 0.7351303
team2, entry2, goal.joint, l2, 2, a, 9689, 0.5053088
team2, entry3, goal.joint, l2, 2, a, 9689, 0.3536725
team2, entry4, goal.joint, l2, 2, a, 9689, 0.4671343
team3, entry0, goal.joint, l2, 2, a, 9689, 0.4522394
team4, entry0, goal.joint, l2, 2, a, 9689, 0.3460514
team4, entry1, goal.joint, l2, 2, a, 9689, 0.3809701
team4, entry2, goal.joint, l2, 2, a, 9689, 0.3868054
team4, entry3, goal.joint, l2, 2, a, 9689, 0.4057440
team5, entry0, goal.joint, l2, 2, a, 9689, 0.6277222
team5, entry1, goal.joint, l2, 2, a, 9689, 0.7819176
team5, entry2, goal.joint, l2, 2, a, 9689, 0.7263908
team5, entry3, goal.joint, l2, 2, a, 9689, 0.7819176
team5, entry4, goal.joint, l2, 2, a, 9689, 0.6101765
team6, entry0, goal.joint, l2, 2, a, 9689, 0.4612634
team6, entry1, goal.joint, l2, 2, a, 9689, 0.4466835
team6, entry2, goal.joint, l2, 2, a, 9689, 0.4374269
team7, entry0, goal.joint, l2, 2, a, 9689, 0.4159200
team7, entry1, goal.joint, l2, 2, a, 9689, 0.4280971
team7, entry2, goal.joint, l2, 2, a, 9689, 0.4159200
team7, entry3, goal.joint, l2, 2, a, 9689, 0.4318106
team7, entry4, goal.joint, l2, 2, a, 9689, 0.4328165
team8, entry0, goal.joint, l2, 2, a, 9689, 0.5049361
team8, entry1, goal.joint, l2, 2, a, 9689, 0.4976977
team8, entry2, goal.joint, l2, 2, a, 9689, 0.5043631
team8, entry3, goal.joint, l2, 2, a, 9689, 0.5009842
team8, entry4, goal.joint, l2, 2, a, 9689, 0.5082724
team9, entry0, goal.joint, l2, 2, a, 9689, 0.7604280
team0, entry0, goal.joint, roc.v2_ca05, 2, a, 9689, 0.0001667
team0, entry1, goal.joint, roc.v2_ca05, 2, a, 9689, 0.0001435
team0, entry2, goal.joint, roc.v2_ca05, 2, a, 9689, 0.0000000
team0, entry3, goal.joint, roc.v2_ca05, 2, a, 9689, 0.2097599
team1, entry0, goal.joint, roc.v2_ca05, 2, a, 9689, 0.0638736
team1, entry1, goal.joint, roc.v2_ca05, 2, a, 9689, 0.0356957
team2, entry0, goal.joint, roc.v2_ca05, 2, a, 9689, 0.0625916
team2, entry1, goal.joint, roc.v2_ca05, 2, a, 9689, 0.0648770
team2, entry2, goal.joint, roc.v2_ca05, 2, a, 9689, 0.2486085
team2, entry3, goal.joint, roc.v2_ca05, 2, a, 9689, 0.3134868
team2, entry4, goal.joint, roc.v2_ca05, 2, a, 9689, 0.1395970
team3, entry0, goal.joint, roc.v2_ca05, 2, a, 9689, 0.0001416
team4, entry0, goal.joint, roc.v2_ca05, 2, a, 9689, 0.3650410
team4, entry1, goal.joint, roc.v2_ca05, 2, a, 9689, 0.3830288
team4, entry2, goal.joint, roc.v2_ca05, 2, a, 9689, 0.3452447
team4, entry3, goal.joint, roc.v2_ca05, 2, a, 9689, 0.3209583
team5, entry0, goal.joint, roc.v2_ca05, 2, a, 9689, 0.0000000
team5, entry1, goal.joint, roc.v2_ca05, 2, a, 9689, 0.0001695
team5, entry2, goal.joint, roc.v2_ca05, 2, a, 9689, 0.0001621
team5, entry3, goal.joint, roc.v2_ca05, 2, a, 9689, 0.0001695
team5, entry4, goal.joint, roc.v2_ca05, 2, a, 9689, 0.0000000
team6, entry0, goal.joint, roc.v2_ca05, 2, a, 9689, 0.0997106
team6, entry1, goal.joint, roc.v2_ca05, 2, a, 9689, 0.2231791
team6, entry2, goal.joint, roc.v2_ca05, 2, a, 9689, 0.2073574
team7, entry0, goal.joint, roc.v2_ca05, 2, a, 9689, 0.0812930
team7, entry1, goal.joint, roc.v2_ca05, 2, a, 9689, 0.1591449
team7, entry2, goal.joint, roc.v2_ca05, 2, a, 9689, 0.0812930
team7, entry3, goal.joint, roc.v2_ca05, 2, a, 9689, 0.1051808
team7, entry4, goal.joint, roc.v2_ca05, 2, a, 9689, 0.0861197
team8, entry0, goal.joint, roc.v2_ca05, 2, a, 9689, 0.0709812
team8, entry1, goal.joint, roc.v2_ca05, 2, a, 9689, 0.0673659
team8, entry2, goal.joint, roc.v2_ca05, 2, a, 9689, 0.0673858
team8, entry3, goal.joint, roc.v2_ca05, 2, a, 9689, 0.0675056
team8, entry4, goal.joint, roc.v2_ca05, 2, a, 9689, 0.0675355
team9, entry0, goal.joint, roc.v2_ca05, 2, a, 9689, 0.0002070
team0, entry0, method, acc, 2, a, 9744, 0.8787972
team0, entry1, method, acc, 2, a, 9744, 0.8669951
team0, entry2, method, acc, 2, a, 9744, 0.8970649
team0, entry3, method, acc, 2, a, 9744, 0.8846470
team1, entry0, method, acc, 2, a, 9744, 0.9042488
team1, entry1, method, acc, 2, a, 9744, 0.8767447
team2, entry0, method, acc, 2, a, 9744, 0.9439655
team2, entry1, method, acc, 2, a, 9744, 0.9465312
team2, entry2, method, acc, 2, a, 9744, 0.9443760
team2, entry3, method, acc, 2, a, 9744, 0.9465312
team2, entry4, method, acc, 2, a, 9744, 0.9497126
team3, entry0, method, acc, 2, a, 9744, 0.8776683
team4, entry0, method, acc, 2, a, 9744, 0.9397578
team4, entry1, method, acc, 2, a, 9744, 0.9390394
team4, entry2, method, acc, 2, a, 9744, 0.9222085
team4, entry3, method, acc, 2, a, 9744, 0.9215928
team5, entry0, method, acc, 2, a, 9744, 0.8892652
team5, entry1, method, acc, 2, a, 9744, 0.9267241
team5, entry2, method, acc, 2, a, 9744, 0.9267241
team5, entry3, method, acc, 2, a, 9744, 0.9267241
team5, entry4, method, acc, 2, a, 9744, 0.9267241
team6, entry0, method, acc, 2, a, 9744, 0.8652504
team6, entry1, method, acc, 2, a, 9744, 0.8712028
team6, entry2, method, acc, 2, a, 9744, 0.8705870
team7, entry0, method, acc, 2, a, 9744, 0.9356527
team7, entry1, method, acc, 2, a, 9744, 0.9206691
team7, entry2, method, acc, 2, a, 9744, 0.9286741
team7, entry3, method, acc, 2, a, 9744, 0.9356527
team7, entry4, method, acc, 2, a, 9744, 0.9102011
team8, entry0, method, acc, 2, a, 9744, 0.8990148
team8, entry1, method, acc, 2, a, 9744, 0.8990148
team8, entry2, method, acc, 2, a, 9744, 0.8990148
team8, entry3, method, acc, 2, a, 9744, 0.8990148
team8, entry4, method, acc, 2, a, 9744, 0.8990148
team9, entry0, method, acc, 2, a, 9744, 0.8573481
team0, entry0, method, l2, 2, a, 9744, 0.2092776
team0, entry1, method, l2, 2, a, 9744, 0.2102856
team0, entry2, method, l2, 2, a, 9744, 0.1581798
team0, entry3, method, l2, 2, a, 9744, 0.1680763
team1, entry0, method, l2, 2, a, 9744, 0.1549155
team1, entry1, method, l2, 2, a, 9744, 0.2035031
team2, entry0, method, l2, 2, a, 9744, 0.0920819
team2, entry1, method, l2, 2, a, 9744, 0.0871882
team2, entry2, method, l2, 2, a, 9744, 0.0954047
team2, entry3, method, l2, 2, a, 9744, 0.0931326
team2, entry4, method, l2, 2, a, 9744, 0.0819353
team3, entry0, method, l2, 2, a, 9744, 0.2098685
team4, entry0, method, l2, 2, a, 9744, 0.0949293
team4, entry1, method, l2, 2, a, 9744, 0.0968436
team4, entry2, method, l2, 2, a, 9744, 0.1238430
team4, entry3, method, l2, 2, a, 9744, 0.1246319
team5, entry0, method, l2, 2, a, 9744, 0.2214696
team5, entry1, method, l2, 2, a, 9744, 0.1465517
team5, entry2, method, l2, 2, a, 9744, 0.1465517
team5, entry3, method, l2, 2, a, 9744, 0.1465517
team5, entry4, method, l2, 2, a, 9744, 0.1465517
team6, entry0, method, l2, 2, a, 9744, 0.2275970
team6, entry1, method, l2, 2, a, 9744, 0.2110657
team6, entry2, method, l2, 2, a, 9744, 0.2103239
team7, entry0, method, l2, 2, a, 9744, 0.1047686
team7, entry1, method, l2, 2, a, 9744, 0.1607951
team7, entry2, method, l2, 2, a, 9744, 0.1166310
team7, entry3, method, l2, 2, a, 9744, 0.1047686
team7, entry4, method, l2, 2, a, 9744, 0.1399404
team8, entry0, method, l2, 2, a, 9744, 0.1528683
team8, entry1, method, l2, 2, a, 9744, 0.1528683
team8, entry2, method, l2, 2, a, 9744, 0.1528683
team8, entry3, method, l2, 2, a, 9744, 0.1528683
team8, entry4, method, l2, 2, a, 9744, 0.1528683
team9, entry0, method, l2, 2, a, 9744, 0.2288628
team0, entry0, method, roc.v2_ca05, 2, a, 9744, 0.0001168
team0, entry1, method, roc.v2_ca05, 2, a, 9744, 0.3490767
team0, entry2, method, roc.v2_ca05, 2, a, 9744, 0.0001144
team0, entry3, method, roc.v2_ca05, 2, a, 9744, 0.0001160
team1, entry0, method, roc.v2_ca05, 2, a, 9744, 0.1870389
team1, entry1, method, roc.v2_ca05, 2, a, 9744, 0.3965820
team2, entry0, method, roc.v2_ca05, 2, a, 9744, 0.3063710
team2, entry1, method, roc.v2_ca05, 2, a, 9744, 0.3545484
team2, entry2, method, roc.v2_ca05, 2, a, 9744, 0.4994566
team2, entry3, method, roc.v2_ca05, 2, a, 9744, 0.2943728
team2, entry4, method, roc.v2_ca05, 2, a, 9744, 0.3507672
team3, entry0, method, roc.v2_ca05, 2, a, 9744, 0.0000000
team4, entry0, method, roc.v2_ca05, 2, a, 9744, 0.4521131
team4, entry1, method, roc.v2_ca05, 2, a, 9744, 0.4230601
team4, entry2, method, roc.v2_ca05, 2, a, 9744, 0.4473626
team4, entry3, method, roc.v2_ca05, 2, a, 9744, 0.4059020
team5, entry0, method, roc.v2_ca05, 2, a, 9744, 0.0000000
team5, entry1, method, roc.v2_ca05, 2, a, 9744, 0.0001107
team5, entry2, method, roc.v2_ca05, 2, a, 9744, 0.0001107
team5, entry3, method, roc.v2_ca05, 2, a, 9744, 0.0001107
team5, entry4, method, roc.v2_ca05, 2, a, 9744, 0.0001107
team6, entry0, method, roc.v2_ca05, 2, a, 9744, 0.1985530
team6, entry1, method, roc.v2_ca05, 2, a, 9744, 0.2897868
team6, entry2, method, roc.v2_ca05, 2, a, 9744, 0.2870447
team7, entry0, method, roc.v2_ca05, 2, a, 9744, 0.2368104
team7, entry1, method, roc.v2_ca05, 2, a, 9744, 0.5536729
team7, entry2, method, roc.v2_ca05, 2, a, 9744, 0.3786054
team7, entry3, method, roc.v2_ca05, 2, a, 9744, 0.2368104
team7, entry4, method, roc.v2_ca05, 2, a, 9744, 0.2795129
team8, entry0, method, roc.v2_ca05, 2, a, 9744, 0.0001142
team8, entry1, method, roc.v2_ca05, 2, a, 9744, 0.0001142
team8, entry2, method, roc.v2_ca05, 2, a, 9744, 0.0001142
team8, entry3, method, roc.v2_ca05, 2, a, 9744, 0.0001142
team8, entry4, method, roc.v2_ca05, 2, a, 9744, 0.0001142
team9, entry0, method, roc.v2_ca05, 2, a, 9744, 0.0000000
team0, entry0, requested.all, acc, 2, a, 5759, 0.8841813
team0, entry1, requested.all, acc, 2, a, 5759, 0.8786248
team0, entry2, requested.all, acc, 2, a, 5759, 0.8843549
team0, entry3, requested.all, acc, 2, a, 5759, 0.8829658
team1, entry0, requested.all, acc, 2, a, 5759, 0.9604098
team1, entry1, requested.all, acc, 2, a, 5759, 0.9567633
team2, entry0, requested.all, acc, 2, a, 5759, 0.9536378
team2, entry1, requested.all, acc, 2, a, 5759, 0.9574579
team2, entry2, requested.all, acc, 2, a, 5759, 0.9723910
team2, entry3, requested.all, acc, 2, a, 5759, 0.9409620
team2, entry4, requested.all, acc, 2, a, 5759, 0.9677027
team3, entry0, requested.all, acc, 2, a, 5759, 0.8892169
team4, entry0, requested.all, acc, 2, a, 5759, 0.9777739
team4, entry1, requested.all, acc, 2, a, 5759, 0.9772530
team4, entry2, requested.all, acc, 2, a, 5759, 0.9571106
team4, entry3, requested.all, acc, 2, a, 5759, 0.9565897
team5, entry0, requested.all, acc, 2, a, 5759, 0.8682063
team5, entry1, requested.all, acc, 2, a, 5759, 0.9736065
team5, entry2, requested.all, acc, 2, a, 5759, 0.9736065
team5, entry3, requested.all, acc, 2, a, 5759, 0.9736065
team5, entry4, requested.all, acc, 2, a, 5759, 0.9736065
team6, entry0, requested.all, acc, 2, a, 5759, 0.9317590
team6, entry1, requested.all, acc, 2, a, 5759, 0.9468658
team6, entry2, requested.all, acc, 2, a, 5759, 0.9505122
team7, entry0, requested.all, acc, 2, a, 5759, 0.9701337
team7, entry1, requested.all, acc, 2, a, 5759, 0.9701337
team7, entry2, requested.all, acc, 2, a, 5759, 0.9710019
team7, entry3, requested.all, acc, 2, a, 5759, 0.9716965
team7, entry4, requested.all, acc, 2, a, 5759, 0.9458239
team8, entry0, requested.all, acc, 2, a, 5759, 0.9350582
team8, entry1, requested.all, acc, 2, a, 5759, 0.9387046
team8, entry2, requested.all, acc, 2, a, 5759, 0.9387046
team8, entry3, requested.all, acc, 2, a, 5759, 0.9387046
team8, entry4, requested.all, acc, 2, a, 5759, 0.9387046
team9, entry0, requested.all, acc, 2, a, 5759, 0.9051919
team0, entry0, requested.all, l2, 2, a, 5759, 0.1956580
team0, entry1, requested.all, l2, 2, a, 5759, 0.2056616
team0, entry2, requested.all, l2, 2, a, 5759, 0.2009868
team0, entry3, requested.all, l2, 2, a, 5759, 0.1989546
team1, entry0, requested.all, l2, 2, a, 5759, 0.0729171
team1, entry1, requested.all, l2, 2, a, 5759, 0.0814048
team2, entry0, requested.all, l2, 2, a, 5759, 0.0725722
team2, entry1, requested.all, l2, 2, a, 5759, 0.0683446
team2, entry2, requested.all, l2, 2, a, 5759, 0.0434035
team2, entry3, requested.all, l2, 2, a, 5759, 0.0896003
team2, entry4, requested.all, l2, 2, a, 5759, 0.0504899
team3, entry0, requested.all, l2, 2, a, 5759, 0.1875069
team4, entry0, requested.all, l2, 2, a, 5759, 0.0347985
team4, entry1, requested.all, l2, 2, a, 5759, 0.0378604
team4, entry2, requested.all, l2, 2, a, 5759, 0.0694880
team4, entry3, requested.all, l2, 2, a, 5759, 0.0731975
team5, entry0, requested.all, l2, 2, a, 5759, 0.2635874
team5, entry1, requested.all, l2, 2, a, 5759, 0.0527869
team5, entry2, requested.all, l2, 2, a, 5759, 0.0527869
team5, entry3, requested.all, l2, 2, a, 5759, 0.0527869
team5, entry4, requested.all, l2, 2, a, 5759, 0.0527869
team6, entry0, requested.all, l2, 2, a, 5759, 0.1178933
team6, entry1, requested.all, l2, 2, a, 5759, 0.0926647
team6, entry2, requested.all, l2, 2, a, 5759, 0.0851824
team7, entry0, requested.all, l2, 2, a, 5759, 0.0558733
team7, entry1, requested.all, l2, 2, a, 5759, 0.0558733
team7, entry2, requested.all, l2, 2, a, 5759, 0.0538525
team7, entry3, requested.all, l2, 2, a, 5759, 0.0472611
team7, entry4, requested.all, l2, 2, a, 5759, 0.0889097
team8, entry0, requested.all, l2, 2, a, 5759, 0.1057602
team8, entry1, requested.all, l2, 2, a, 5759, 0.1006496
team8, entry2, requested.all, l2, 2, a, 5759, 0.1006496
team8, entry3, requested.all, l2, 2, a, 5759, 0.1006496
team8, entry4, requested.all, l2, 2, a, 5759, 0.1006496
team9, entry0, requested.all, l2, 2, a, 5759, 0.1488479
team0, entry0, requested.all, roc.v2_ca05, 2, a, 5759, 0.0001964
team0, entry1, requested.all, roc.v2_ca05, 2, a, 5759, 0.0001976
team0, entry2, requested.all, roc.v2_ca05, 2, a, 5759, 0.0001963
team0, entry3, requested.all, roc.v2_ca05, 2, a, 5759, 0.0001967
team1, entry0, requested.all, roc.v2_ca05, 2, a, 5759, 0.0001808
team1, entry1, requested.all, roc.v2_ca05, 2, a, 5759, 0.0001815
team2, entry0, requested.all, roc.v2_ca05, 2, a, 5759, 0.3827385
team2, entry1, requested.all, roc.v2_ca05, 2, a, 5759, 0.4459557
team2, entry2, requested.all, roc.v2_ca05, 2, a, 5759, 0.3001786
team2, entry3, requested.all, roc.v2_ca05, 2, a, 5759, 0.2618564
team2, entry4, requested.all, roc.v2_ca05, 2, a, 5759, 0.4973982
team3, entry0, requested.all, roc.v2_ca05, 2, a, 5759, 0.0001953
team4, entry0, requested.all, roc.v2_ca05, 2, a, 5759, 0.5254839
team4, entry1, requested.all, roc.v2_ca05, 2, a, 5759, 0.4896944
team4, entry2, requested.all, roc.v2_ca05, 2, a, 5759, 0.3401669
team4, entry3, requested.all, roc.v2_ca05, 2, a, 5759, 0.3851879
team5, entry0, requested.all, roc.v2_ca05, 2, a, 5759, 0.0002000
team5, entry1, requested.all, roc.v2_ca05, 2, a, 5759, 0.0001783
team5, entry2, requested.all, roc.v2_ca05, 2, a, 5759, 0.0001783
team5, entry3, requested.all, roc.v2_ca05, 2, a, 5759, 0.0001783
team5, entry4, requested.all, roc.v2_ca05, 2, a, 5759, 0.0001783
team6, entry0, requested.all, roc.v2_ca05, 2, a, 5759, 0.0568394
team6, entry1, requested.all, roc.v2_ca05, 2, a, 5759, 0.2182285
team6, entry2, requested.all, roc.v2_ca05, 2, a, 5759, 0.2248813
team7, entry0, requested.all, roc.v2_ca05, 2, a, 5759, 0.0001790
team7, entry1, requested.all, roc.v2_ca05, 2, a, 5759, 0.0001790
team7, entry2, requested.all, roc.v2_ca05, 2, a, 5759, 0.0001788
team7, entry3, requested.all, roc.v2_ca05, 2, a, 5759, 0.0001787
team7, entry4, requested.all, roc.v2_ca05, 2, a, 5759, 0.1900129
team8, entry0, requested.all, roc.v2_ca05, 2, a, 5759, 0.0001857
team8, entry1, requested.all, roc.v2_ca05, 2, a, 5759, 0.0001850
team8, entry2, requested.all, roc.v2_ca05, 2, a, 5759, 0.0001850
team8, entry3, requested.all, roc.v2_ca05, 2, a, 5759, 0.0001850
team8, entry4, requested.all, roc.v2_ca05, 2, a, 5759, 0.0001850
team9, entry0, requested.all, roc.v2_ca05, 2, a, 5759, 0.0001918
